DELIVERY_DT,BILLTO_NAME,ORIG_AREA,DEST_AREA,LOADED_OP_MILES,TOTAL_REVENUE,TOTAL_VARIABLE_COST,TOTAL_OVERHEAD_COST
9/6/2025,CUSTOM PRO LOGISTICS CPL,MD-BAL,OK-TUL,1274.61,2100,2078.09,1421.44
9/6/2025,NOLAN TRANSPORTATION GROUP LLC,NJ-NEW,MO-JOP,1229.11,2053.09,2016.63,1322.74
9/6/2025,TS WHITES LLC,AZ-PHO,MO-JOP,1244.01,2900,2267.74,1165.53
9/5/2025,828 LOGISTICS LLC,TX-DAL,AR-FAY,322.97,750,525.63,705.4
9/5/2025,GREENHECK FAN C/O ECHO LOGISTICS,OK-TUL,WI-WAU,900.15,2419.31,1427.77,1026.7
9/4/2025,HALL FARMS TRANSPORTATION LLC,MO-STL,MO-JOP,318.69,750,553.37,326.81
9/4/2025,ALLEN LUND COMPANY,TX-LUB,TX-DAL,373.88,650,671.8,483.97
9/4/2025,BATLINER PAPERSTOCK - RECYCLING,MO-JOP,OK-TUL,74.95,525.64,147.11,392.1
9/4/2025,PAPERWORKS C/O TRANZACT,NE-KEA,MO-JOP,445.4,1244.46,833.67,589.15
9/4/2025,MCKEE FOODS CORPORATION,AR-FAY,NV-LAS,1210.34,3876.75,1974.71,642.66
9/4/2025,ACTION ENTERPRISE LOGISTICS,VA-NOR,OK-TUL,1279.59,2200,1989.28,1124.16
9/4/2025,LEGGETT & PLATT INC,MO-JOP,PA-SCR,1154.57,3262.32,1784.07,1226.55
9/4/2025,ATN LLC,NV-LAS,MO-JOP,1363.98,2300,2236.87,1073.03
9/4/2025,GREENHECK FAN C/O ECHO LOGISTICS,OK-TUL,MD-BAL,1235.17,3758.67,1900.34,1091.8
9/3/2025,GOLD BOND BUILDING PRODUCTS,MO-SPR,OK-TUL,147.5,670.3,224.63,515.99
9/3/2025,CORCORAN LOGISTICS LLC,OH-DAY,OK-TUL,771.01,1600,1301.25,771.82
9/3/2025,REDWOOD MULTIMODAL - LOGISTICS,TX-HOU,MO-SPR,673.52,1440,1053.29,738.06
9/3/2025,ARRIVE LOGISTICS AKA DM TRANS LLC,TX-HOU,MO-SPR,687.88,1250,1124.43,978.35
9/3/2025,GREENHECK FAN C/O ECHO LOGISTICS,OK-TUL,AR-FTS,131.86,708.17,244.69,270.37
9/3/2025,M S W INC,MO-JOP,MO-STL,299.51,1120.6,500.05,239.14
9/3/2025,M S W INC,MO-JOP,TX-ODE,678.77,2781.45,1032.02,1151.67
9/3/2025,TAMKO BUILDING PRODUCTS INC,MO-JOP,KS-SAL,425.49,1243.31,650.43,415.51
9/3/2025,ARRIVE LOGISTICS AKA DM TRANS LLC,WA-SEA,OK-TUL,2100.36,3150,3318.66,2259.61
9/2/2025,GOLD BOND BUILDING PRODUCTS,MO-KAN,OK-TUL,216.72,779.4,630.58,306.39
9/2/2025,MOLO SOLUTIONS LLC,FL-MIA,MO-SPR,1363.65,1587,2209.5,2025
9/2/2025,TRINITY LOGISTICS INC,KS-TOP,OK-TUL,286.03,850,708.27,522.66
9/2/2025,GREENHECK FAN C/O ECHO LOGISTICS,OK-TUL,OH-COL,809.2,2407.3,1238.11,627.45
9/2/2025,GREENHECK FAN C/O ECHO LOGISTICS,OK-TUL,VA-NOR,1325.19,4152.26,2072.53,1661.11
9/1/2025,MCKEE FOODS CORPORATION,AR-FAY,NV-LAS,1210.34,3864.5,2002.06,735.37
9/1/2025,TAMKO BUILDING PRODUCTS INC,MO-JOP,KS-SAL,410.79,1238.61,740.97,800.94
9/1/2025,GREENHECK FAN C/O ECHO LOGISTICS,OK-TUL,TX-HOU,504.46,1619.43,775.85,959.53
8/29/2025,C H ROBINSON WORLDWIDE,AR-LIT,OK-TUL,282.68,720,466,573.66
8/29/2025,FITZMARK,AR-LIT,MO-JOP,311.8,800,525.91,543.26
8/29/2025,REDWOOD MULTIMODAL - LOGISTICS,TX-DAL,MO-SPR,424.29,1150,738.29,1002.35
8/29/2025,RIVER PLACE LOGISTICS INC,VA-ROA,OK-TUL,1043.64,1750,1675.86,1219.15
8/29/2025,GREENHECK FAN C/O ECHO LOGISTICS,OK-TUL,FL-MIA,1319.72,4302.99,2169.37,1145.95
8/29/2025,M S W INC,MO-JOP,NE-LIN,353.22,1141.8,689.18,732.58
8/28/2025,BATLINER PAPERSTOCK - RECYCLING,MO-JOP,OK-TUL,73.95,525.64,346.49,798.53
8/28/2025,AMERIFREIGHT SYSTEMS LLC,TX-DAL,MO-JOP,346.5,700,620.04,583.41
8/28/2025,AXLE LOGISTICS LLC,LA-MON,AR-FTS,367.42,900,750.97,762.43
8/28/2025,CL SERVICES INC dba PROSPONSIVE LOGISTIC,GA-MAC,OK-TUL,1000.56,1600,1761.03,1330.93
8/28/2025,AFC LOGISTICS,FL-MIA,AR-LIT,1126.3,1200,1713.71,1179.33
8/28/2025,AFC LOGISTICS,FL-MIA,AR-LIT,1125.62,1200,1787.35,1221.22
8/28/2025,GREENHECK FAN C/O ECHO LOGISTICS,OK-TUL,TX-HOU,495.99,1596.52,917.14,946.67
8/28/2025,REDWOOD MULTIMODAL - LOGISTICS,AZ-PHO,OK-TUL,1119.1,2000,2082.41,1545.7
8/27/2025,GOLD BOND BUILDING PRODUCTS,MO-SPR,OK-TUL,147.5,670.3,337.69,423.97
8/27/2025,GOLD BOND BUILDING PRODUCTS,MO-SPR,OK-TUL,147.5,670.3,332.49,357.53
8/27/2025,PAPERWORKS C/O TRANZACT,NE-KEA,MO-JOP,445.4,1244.46,835.46,508.23
8/27/2025,GOLD BOND BUILDING PRODUCTS,MO-KAN,OK-TUL,216.72,781.5,724.77,718.94
8/27/2025,M S W INC,MO-JOP,MS-JAC,566.91,1592.1,977.47,928.48
8/26/2025,STANDARD TRANSPORTATION SERVICES INC,IN-GAR,MO-JOP,626.49,1400,1027.26,591.4
8/26/2025,GENERAL TRANSPORTATION INC,GA-ATL,OK-MCA,900.85,1450,1531.21,828.97
8/26/2025,HOMETOWN LOGISTICS LLC,TX-HOU,OK-TUL,532.66,1100,863.78,1006.36
8/26/2025,GOLD BOND BUILDING PRODUCTS,MO-SPR,OK-TUL,148.5,670.3,247.12,228.53
8/26/2025,MCKEE FOODS CORPORATION,AR-FAY,NV-LAS,1210.34,3876.75,1978.97,965.47
8/26/2025,TAMKO BUILDING PRODUCTS INC,MO-JOP,KS-SAL,410.79,1241.29,629.48,482.59
8/26/2025,GREENHECK FAN C/O ECHO LOGISTICS,OK-TUL,FL-MIA,1490.45,4474.5,2428.91,1797.11
8/26/2025,LEGGETT & PLATT INC,MO-JOP,WA-SEA,2039.96,5496.36,3146.59,2112.56
8/26/2025,M S W INC,MO-JOP,VA-ROA,1024.34,3004.92,1598.02,1031.99
8/26/2025,TAMKO BUILDING PRODUCTS INC,MO-JOP,KS-SAL,425.49,1242.28,648.35,472.46
8/25/2025,PAPERWORKS C/O TRANZACT,NE-KEA,MO-JOP,445.4,1244.46,835.46,492.67
8/25/2025,RYAN TRANSPORTATION,TX-LUB,AR-FAY,662.47,1050,1108.07,476.18
8/25/2025,PAPERWORKS C/O TRANZACT,NE-KEA,MO-JOP,445.4,1244.46,835.46,745.26
8/25/2025,C H ROBINSON WORLDWIDE,LA-SHR,MO-SPR,502.43,990,957.96,831.06
8/25/2025,ARRIVE LOGISTICS AKA DM TRANS LLC,WA-SEA,OK-TUL,2100.36,3150,3325.81,2336.15
8/25/2025,GREENHECK FAN C/O ECHO LOGISTICS,OK-TUL,FL-MIA,1502.52,4505.42,2451.97,1473.98
8/25/2025,GREENHECK FAN C/O ECHO LOGISTICS,OK-TUL,IN-ELK,737.23,2128.35,1291.66,809.55
8/25/2025,M S W INC,MO-JOP,TX-HOU,615.84,1976.48,977.02,972.62
8/25/2025,M S W INC,MO-JOP,GA-MAC,895.51,2542.32,1507.23,1429.12
8/24/2025,TAMKO BUILDING PRODUCTS INC,MO-JOP,KS-SAL,455.25,1213.04,855.44,839.9
8/22/2025,DEDICATED LOGISTICAL SERVICE,TX-ELP,TX-LUB,345.28,900,549.07,557.22
8/22/2025,AMERIFREIGHT SYSTEMS LLC,TX-DAL,MO-JOP,380.02,700,667.62,370.21
8/22/2025,ACTION ENTERPRISE LOGISTICS,MI-LAN,MO-SPR,729.41,1500,1204.28,722.63
8/22/2025,LEGGETT & PLATT INC,IN-GAR,MO-JOP,618.09,1414.5,1018.3,640.82
8/22/2025,GREENHECK FAN C/O ECHO LOGISTICS,OK-TUL,LA-LAF,458.74,1399.83,720.37,585.68
8/22/2025,TAMKO BUILDING PRODUCTS INC,MO-JOP,KS-SAL,410.79,1238.98,629.48,402.62
8/21/2025,BATLINER PAPERSTOCK - RECYCLING,MO-JOP,OK-TUL,73.95,525.64,122.04,174.71
8/21/2025,PRIORITY 1 INC,KY-LOU,AR-FAY,626.74,1150,1186.66,750.1
8/21/2025,AXLE LOGISTICS LLC,NC-CHA,MO-JOP,954.4,1750,1608.47,1139
8/21/2025,"TRAFFIC TECH, INC.",NV-LAS,MO-SPR,1409.52,3000,2326.84,919.87
8/21/2025,PAPERWORKS C/O TRANZACT,NE-KEA,MO-JOP,445.4,1244.46,835.46,466.88
8/21/2025,ARRIVE LOGISTICS AKA DM TRANS LLC,OH-CLE,GA-ATL,689.89,1350,1176.09,755.45
8/21/2025,TAMKO BUILDING PRODUCTS INC,KS-WIC,MO-JOP,260.64,1100,991.06,881.55
8/21/2025,MODE TRANSPORTATION,NJ-NEW,OK-TUL,1329.96,2300,2058.94,1808.95
8/21/2025,GREENHECK FAN C/O ECHO LOGISTICS,OK-TUL,IN-ELK,737.23,2128.35,1183.18,715.28
8/21/2025,M S W INC,MO-JOP,TX-DAL,369.35,1067.94,607.3,559.91
8/21/2025,GREENHECK FAN C/O ECHO LOGISTICS,OK-TUL,MI-LAN,867.68,2511.98,1451.66,1166.99
8/21/2025,M S W INC,MO-JOP,TX-ELP,935.79,3790.2,1468.4,1066.64
8/20/2025,ECHO GLOBAL LOGISTICS INC,OK-OKC,MO-SPR,328.64,1250,697.47,621.71
8/20/2025,ARRIVE LOGISTICS AKA DM TRANS LLC,TX-DAL,MO-JOP,363.86,800,598.68,339.08
8/20/2025,AXLE LOGISTICS LLC,VA-RIC,MO-SPR,1083.19,1750,1814.21,1171.98
8/20/2025,M S W INC,MO-JOP,KY-LEX,723.44,2049.49,1112.49,599.54
8/20/2025,M S W INC,MO-JOP,CO-CS,718.35,2484.12,1137.84,884.18
8/20/2025,TAMKO BUILDING PRODUCTS INC,MO-JOP,KS-SAL,410.79,1236.54,742.57,359.21
8/19/2025,LANDSTAR GLOBAL LOGISTICS,MS-JAC,OK-TUL,466.54,1600,839.3,455.89
8/19/2025,ACME BRICK CO,OK-TUL,MO-JOP,114.96,525,475.03,239.51
8/19/2025,ACME BRICK CO,OK-OKC,MO-SPR,281.37,675,850.35,595.32
8/19/2025,ARRIVE LOGISTICS AKA DM TRANS LLC,GA-ATL,MO-JOP,761.39,1325,1196.57,650.28
8/19/2025,RGL SPECIALTY SERVICES LLC DBA RGL,WI-APP,MO-JOP,727.36,1600,1139.17,712.52
8/19/2025,MCKEE FOODS CORPORATION,AR-FAY,NV-LAS,1210.34,3876.75,1978.97,731.74
8/19/2025,GOLD BOND BUILDING PRODUCTS,MO-KAN,OK-TUL,216.72,781.5,724.77,669.03
8/19/2025,LEGGETT & PLATT INC,MO-JOP,WA-SEA,2000.46,5525.7,3129.9,2220.98
8/18/2025,R H L LOGISTICS,MS-JAC,AR-FAY,621.03,1000,983.32,635.63
8/18/2025,GREENHECK FAN C/O ECHO LOGISTICS,OK-TUL,TN-MEM,455.08,1298.46,770.22,291.77
8/18/2025,ARRIVE LOGISTICS AKA DM TRANS LLC,AL-BIR,MO-JOP,586.78,1000,1046.55,483.47
8/18/2025,ACME BRICK CO,TX-DAL,MO-JOP,360.96,775,635.19,319.8
8/18/2025,STANDARD TRANSPORTATION SERVICES INC,AZ-PHO,MO-JOP,1219.01,2400,2220.35,1209.3
8/18/2025,TAMKO BUILDING PRODUCTS INC,MO-JOP,KS-SAL,391.74,1209.29,645.51,760.8
8/18/2025,LEGGETT & PLATT INC,MO-JOP,WI-APP,733.12,1805.27,1260.61,635.13
8/18/2025,GREENHECK FAN C/O ECHO LOGISTICS,OK-TUL,PA-PHI,1298.83,4157.63,2036.92,1890.97
8/15/2025,FLS TRANSPORTATION SERVICES INC,MO-STL,MO-JOP,326.01,650,521.36,530.47
8/15/2025,WERNER LOGISTICS,FL-MIA,AL-BIR,723.86,995,1173.71,783.13
8/15/2025,GREENHECK FAN C/O ECHO LOGISTICS,OK-TUL,MS-JAC,537.34,1566.61,980.01,603.81
8/14/2025,BATLINER PAPERSTOCK - RECYCLING,MO-JOP,OK-TUL,73.95,526.4,323.42,626.27
8/14/2025,MCKEE FOODS CORPORATION,AR-FAY,NV-LAS,1210.34,3876.75,2007.38,714.18
8/14/2025,OLDCASTLE LAWN & GARDEN MIDWEST,MO-STL,OK-TUL,317.13,650,593.28,586.06
8/14/2025,GREENHECK FAN C/O ECHO LOGISTICS,OK-TUL,MO-STL,376.79,1167.89,742.34,626.52
8/14/2025,ROAR LOGISTICS,WA-SEA,MO-KAN,1937.03,2950,3005.55,1789.86
8/13/2025,HEARTLAND LOGISTICS GROUP LLC,TN-MEM,MO-SPR,368.71,800,654.98,681.7
8/13/2025,TS WHITES LLC,AZ-PHO,MO-JOP,1244.01,2900,2272.62,1097.63
8/13/2025,GREENHECK FAN C/O ECHO LOGISTICS,OK-TUL,FL-MIA,1319.72,4328.91,2170.7,1292.2
8/13/2025,ACME BRICK CO,TX-DAL,MO-JOP,360.96,775,635.19,626.22
8/13/2025,GOLD BOND BUILDING PRODUCTS,MO-SPR,OK-TUL,148.5,673.2,310.06,308.17
8/12/2025,ACME BRICK CO,OK-OKC,MO-SPR,280.05,675,713.74,853.05
8/12/2025,BATLINER PAPERSTOCK - RECYCLING,MO-JOP,OK-TUL,74.95,546.92,309.11,504.33
8/12/2025,GOLD BOND BUILDING PRODUCTS,MO-KAN,OK-TUL,216.72,783.6,469.47,281.58
8/12/2025,PAPERWORKS C/O TRANZACT,NE-KEA,MO-JOP,445.4,1249.09,835.46,377.65
8/12/2025,DTI INC,SD-SIO,MO-STL,789.36,1600,1309.4,775.46
8/12/2025,M S W INC,MO-JOP,AR-FAY,106.77,644.8,203.15,110.3
8/12/2025,GREENHECK FAN C/O ECHO LOGISTICS,OK-TUL,TX-MCA,768.04,2612.18,1233.15,762.72
8/12/2025,GREENHECK FAN C/O ECHO LOGISTICS,OK-TUL,TN-MEM,455.08,1302.89,856.67,611.57
8/12/2025,GREENHECK FAN C/O ECHO LOGISTICS,OK-TUL,KS-TOP,374.55,956.15,681.53,594.43
8/11/2025,MCKEE FOODS CORPORATION,AR-FAY,NV-LAS,1210.34,3889,1978.97,656.86
8/11/2025,PAPERWORKS C/O TRANZACT,NE-KEA,MO-JOP,445.4,1249.09,835.46,498.62
8/11/2025,BEEMAC LOGISTICS,ID-IDA,AR-FAY,1433.39,2250,2493.2,2045.55
8/11/2025,TAMKO BUILDING PRODUCTS INC,MO-JOP,KS-SAL,410.79,1237.5,629.48,192.02
8/11/2025,PAPERWORKS C/O TRANZACT,NE-KEA,MO-JOP,445.4,1249.09,835.46,834.09
8/11/2025,INTEGRITY EXPRESS LOGISTICS,GA-ALB,MO-SPR,978.91,1750,2029.48,1327.57
8/11/2025,MASS DEPOT,NV-LAS,MO-JOP,1366.13,2350,2254.47,1106.75
8/11/2025,LEGGETT & PLATT INC,MO-JOP,WA-SEA,2000.46,5525.7,3066.38,1810.8
8/11/2025,ARRIVE LOGISTICS AKA DM TRANS LLC,WA-SEA,OK-TUL,2100.36,3150,3325.81,2360.58
8/11/2025,GREENHECK FAN C/O ECHO LOGISTICS,OK-TUL,MO-COL,256.81,795.36,567.56,658.14
8/11/2025,GREENHECK FAN C/O ECHO LOGISTICS,OK-TUL,SD-RAP,759.41,2804.81,1155.96,1161.42
8/10/2025,ARRIVE LOGISTICS AKA DM TRANS LLC,GA-MAC,OK-TUL,957.06,1750,1544.74,1330.37
8/10/2025,TAMKO BUILDING PRODUCTS INC,MO-JOP,KS-SAL,425.49,1236.51,651.83,676.09
8/8/2025,PAPERWORKS C/O TRANZACT,NE-KEA,MO-JOP,445.4,1249.09,835.46,569.64
8/8/2025,FREIGHTWATCH LOGISTICS,FL-ORL,GA-MAC,295.79,450,760.73,1000.53
8/8/2025,ACME BRICK CO,TX-DAL,MO-SPR,417.1,1000,720.54,620.87
8/7/2025,ACME BRICK CO,AR-LIT,OK-TUL,304.58,775,567.6,655.19
8/7/2025,MCKEE FOODS CORPORATION,AR-FAY,NV-LAS,1210.34,3889,1954.6,732.26
8/7/2025,ECHO GLOBAL LOGISTICS INC,TX-SAN,MO-JOP,635.6,1700,1018.1,757.87
8/7/2025,GREENHECK FAN C/O ECHO LOGISTICS,OK-TUL,UT-SLC,1208.77,3880.85,1839.08,973.78
8/7/2025,M S W INC,MO-JOP,OK-TUL,198.37,793.04,316.64,410.14
8/7/2025,TAMKO BUILDING PRODUCTS INC,MO-JOP,KS-SAL,410.79,1236.04,629.48,228.32
8/7/2025,TAMKO BUILDING PRODUCTS INC,MO-JOP,KS-SAL,410.79,1235.13,629.48,427.73
8/6/2025,PAPERWORKS C/O TRANZACT,NE-KEA,MO-JOP,445.4,1249.09,835.46,353.09
8/6/2025,AXLE LOGISTICS LLC,TX-ELP,OK-OKC,707.49,1200,1091.16,782.48
8/6/2025,FITZMARK,GA-COL,AR-LIT,519.84,1000,908.6,777.55
8/6/2025,PAPERWORKS C/O TRANZACT,NE-KEA,MO-JOP,445.4,1249.09,835.46,505.37
8/6/2025,ACME BRICK CO,AR-LIT,MO-JOP,317.67,980,587.49,318.28
8/6/2025,AXLE LOGISTICS LLC,NC-CHA,MO-JOP,954.4,1800,1608.47,1217.18
8/6/2025,ACME BRICK CO,TX-DAL,MO-JOP,360.96,775,635.19,286.07
8/6/2025,GREENHECK FAN C/O ECHO LOGISTICS,OK-TUL,MO-SPR,178.95,734.22,435.08,318.14
8/6/2025,GOLD BOND BUILDING PRODUCTS,MO-KAN,OK-TUL,216.72,783.6,544.27,537.56
8/6/2025,MASS DEPOT,NV-LAS,MO-JOP,1341.55,2350,2228.43,915.5
8/6/2025,M S W INC,MO-JOP,FL-SAR,1291.92,3681.4,2004.8,1186.81
8/5/2025,FITZMARK,GA-COL,AR-LIT,519.84,1000,908.6,584.91
8/5/2025,AXLE LOGISTICS LLC,GA-ATL,OK-TUL,764.38,1490,1294.45,880.87
8/5/2025,LEGGETT & PLATT INC,NE-KEA,MO-JOP,446.23,1500.14,679.87,489.06
8/5/2025,TAMKO BUILDING PRODUCTS INC,MO-JOP,KS-SAL,410.79,1239.84,661.37,274.74
8/5/2025,TAMKO BUILDING PRODUCTS INC,MO-JOP,KS-SAL,411.79,1239.38,669.49,468.24
8/5/2025,GREENHECK FAN C/O ECHO LOGISTICS,OK-TUL,TX-SAN,820.6,2171.5,1309.92,683.47
8/5/2025,GREENHECK FAN C/O ECHO LOGISTICS,OK-TUL,FL-SAR,1520.27,4681.98,2324.49,1232.01
8/5/2025,LEGGETT & PLATT INC,MO-JOP,WA-SEA,2000.46,5525.7,3073.82,1381.54
8/5/2025,M S W INC,MO-JOP,TX-ELP,938.7,3359.14,1640.97,1599.42
8/4/2025,BATLINER PAPERSTOCK - RECYCLING,MO-JOP,OK-TUL,73.95,527.16,117.05,193.54
8/4/2025,PAPERWORKS C/O TRANZACT,NE-KEA,MO-JOP,445.4,1249.09,835.46,409.98
8/4/2025,AXLE LOGISTICS LLC,AL-BIR,OK-TUL,711.56,1250,1150.52,346.07
8/4/2025,"TLD LOGISTICS SERVICES, INC.",SC-NCH,MO-JOP,1065.17,1800,1885.51,1088.39
8/4/2025,MCKEE FOODS CORPORATION,AR-FAY,NV-LAS,1210.34,3889,1978.97,707.47
8/4/2025,TAMKO BUILDING PRODUCTS INC,MO-JOP,MO-JOP,1,937.5,213.01,275.49
8/4/2025,OVERHEAD DOOR c/o INTELLIGENT AUDIT,MO-JOP,NE-KEA,442.11,1985.5,704.84,829.44
8/4/2025,MASS DEPOT,NV-LAS,MO-JOP,1366.13,2350,2254.47,1141.64
8/4/2025,GREENHECK FAN C/O ECHO LOGISTICS,OK-TUL,GA-ATL,933.62,2342.8,1422.55,890.28
8/4/2025,GREENHECK FAN C/O ECHO LOGISTICS,OK-TUL,GA-ATL,933.62,2342.8,1438.69,671.7
8/3/2025,TAMKO BUILDING PRODUCTS INC,MO-JOP,KS-SAL,425.49,1246.57,654.87,698.88
8/1/2025,PACKER FREIGHT SYSTEMS,MO-JOP,OK-TUL,77.05,675,118.65,377.87
8/1/2025,ACME BRICK CO,AR-JON,AR-FAY,295.65,735,719.5,744.98
8/1/2025,STANDARD TRANSPORTATION SERVICES INC,OH-COL,MO-JOP,687.54,1250,1134.22,722.64
8/1/2025,KCH TRANSPORTATION INC,FL-MIA,AL-HUN,748.64,780,1189.82,835.47
8/1/2025,LANDSTAR TRANSPORTATION LOGISTICS,OR-POR,MO-SPR,2041.06,3150,3453.97,2073.47
7/31/2025,BEST DEDICATED SOLUTIONS LLC,FL-ORL,GA-SAV,325.38,550,539.82,474.07
7/31/2025,BEST DEDICATED SOLUTIONS LLC,IA-DES,OK-TUL,464.85,1175,929.55,687.58
7/31/2025,"TFORCE LSM, LLC TFWW",GA-MAC,OK-TUL,879.69,1700,1427.92,735.6
7/31/2025,MCKEE FOODS CORPORATION,AR-FAY,NV-LAS,1210.34,3889,1968.64,717.58
7/31/2025,MOLO SOLUTIONS LLC,IA-DES,MO-JOP,351.73,750,562.4,780.64
7/31/2025,PAPERWORKS C/O TRANZACT,NE-KEA,MO-JOP,445.4,1249.09,837.21,573.45
7/31/2025,ENGLAND LOGISTICS INC,GA-ATL,OK-TUL,816.63,1275,1330.96,717.45
7/31/2025,ENGLAND LOGISTICS INC,GA-ATL,OK-TUL,812.05,1275,1264.24,610.53
7/31/2025,ACME BRICK CO,TX-DAL,MO-JOP,350.1,775,619.98,529.78
7/31/2025,M S W INC,MO-JOP,TN-JAC,515.26,1355.58,825.85,541.87
7/30/2025,BATLINER PAPERSTOCK - RECYCLING,MO-JOP,OK-TUL,73.95,548.44,324.96,272.85
7/30/2025,TAMKO BUILDING PRODUCTS INC,MO-JOP,MO-JOP,1,968.75,86.48,104.35
7/30/2025,GREENHECK FAN C/O ECHO LOGISTICS,OK-TUL,GA-ATL,815.48,2342.8,1255.7,627.89
7/30/2025,GOLD BOND BUILDING PRODUCTS,MO-KAN,OK-TUL,216.72,783.6,381.13,208.87
7/30/2025,TAMKO BUILDING PRODUCTS INC,MO-JOP,KS-SAL,410.79,1248.52,744.12,382.7
7/30/2025,STEAMBOAT TRANSPORTATION GROUP LLC,NV-LAS,OK-TUL,1274.89,2450,2129.5,876.78
7/30/2025,AXLE LOGISTICS LLC,VA-RIC,AR-FAY,1193.93,1800,1997.62,1331.17
7/30/2025,GREENHECK FAN C/O ECHO LOGISTICS,OK-TUL,GA-ATL,815.48,2342.8,1405.76,966.54
7/30/2025,M S W INC,MO-JOP,AR-FAY,106.87,649.84,203.72,240.25
7/30/2025,GREENHECK FAN C/O ECHO LOGISTICS,OK-TUL,FL-MIA,1509.84,4619.47,2432.94,1373.07
7/29/2025,TRINITY LOGISTICS INC,KS-TOP,OK-TUL,286.03,850,711.27,485.79
7/29/2025,LEGGETT & PLATT INC,MO-JOP,IA-DES,340.53,923.78,591.02,360.98
7/29/2025,PGT TRUCKING - PGT SERVICES,WY-CAS,IL-PEO,899.4,1400,1529.6,1101.05
7/29/2025,MEGACORP LOGISTICS LLC,TX-HOU,OK-TUL,517.18,1150,836.67,621.44
7/29/2025,ACME BRICK CO,TX-AUS,MO-KAN,666.03,1530,1051.89,630.61
7/29/2025,MOLO SOLUTIONS LLC,IA-DES,MO-JOP,352.73,750,563.91,216.98
7/29/2025,GREENHECK FAN C/O ECHO LOGISTICS,OK-TUL,FL-ORL,1162.3,3829.12,1939.09,1172.17
7/29/2025,M S W INC,MO-JOP,GA-MAC,897.51,2494.8,1415.83,1036.32
7/28/2025,PRODUCTIVE TRANSPORTATION INC,TX-DAL,OK-TUL,331.33,1000,547.77,486.07
7/28/2025,MCKEE FOODS CORPORATION,AR-FAY,NV-LAS,1210.34,3889,2010.57,774.61
7/28/2025,LEGGETT & PLATT INC,MO-JOP,IA-DES,340.53,923.78,605.45,740.33
7/28/2025,TAMKO BUILDING PRODUCTS INC,MO-JOP,KS-SAL,455.25,1220.74,695.04,235.41
7/28/2025,GOLD BOND BUILDING PRODUCTS,MO-SPR,OK-TUL,147.5,673.2,450.02,560
7/28/2025,JOHANSON TRANSPORTATION SERVICE,OR-POR,MO-KAN,2064.46,3100,3488.69,2175.84
7/28/2025,M S W INC,MO-JOP,TX-AUS,549.81,1708.8,992.11,953.17
7/28/2025,GREENHECK FAN C/O ECHO LOGISTICS,OK-TUL,MD-BAL,1235.01,3754.46,1896.3,1559.63
7/28/2025,M S W INC,MO-JOP,TX-HOU,632.53,1864.8,1004.49,709.76
7/28/2025,LEGGETT & PLATT INC,MO-JOP,WA-SEA,2000.46,5506.14,3080.24,2094.07
7/27/2025,GOLD BOND BUILDING PRODUCTS,MO-KAN,OK-TUL,216.72,783.6,726.28,876.3
7/27/2025,M S W INC,MO-JOP,MT-BIL,1101.7,3682,1719.21,1154.52
7/27/2025,M S W INC,MO-JOP,TX-DAL,384.72,1125.45,626.99,437.69
7/25/2025,RIGHTWAY LOGISTICS INC,TX-DAL,MO-SPR,417.1,900,648.22,593.59
7/25/2025,SUNSET TRANSPORTATION INC,NE-LIN,MO-SPR,335.65,750,606.43,620.33
7/25/2025,GOLD BOND BUILDING PRODUCTS,MO-KAN,OK-TUL,216.72,783.6,374.95,457.17
7/25/2025,STANDARD TRANSPORTATION SERVICES INC,AR-LIT,MO-JOP,278.76,930,434.55,232.88
7/25/2025,ARMSTRONG TRANSPORT GROUP INC,LA-NO,AR-FAY,568.7,1000,987.25,674.68
7/25/2025,LANDSTAR TRANSPORTATION LOGISTICS,SC-GRE,MO-JOP,869.81,1400,1427.21,854.81
7/25/2025,FLS TRANSPORTATION SERVICES INC,AZ-PHO,MO-JOP,1232.15,2400,1927,1233.58
7/24/2025,BATLINER PAPERSTOCK - RECYCLING,MO-JOP,OK-TUL,73.95,527.16,117.3,284.15
7/24/2025,C & H TRUCK BROKERS,GA-ATL,AR-LIT,460.82,1100,875.23,672.15
7/24/2025,TAMKO BUILDING PRODUCTS INC,MO-JOP,MO-JOP,1,968.75,229.36,284.71
7/24/2025,OLDCASTLE LAWN & GARDEN MIDWEST,MO-STL,OK-TUL,316.13,700,524.06,563.22
7/24/2025,C H ROBINSON WORLDWIDE,VA-HAR,KS-TOP,1017.66,1700,1700.91,1247.56
7/24/2025,GOLD BOND BUILDING PRODUCTS,MO-SPR,OK-TUL,147.5,673.2,450.02,451.4
7/24/2025,GOLD BOND BUILDING PRODUCTS,MO-SPR,OK-TUL,147.5,673.2,437.3,336.22
7/24/2025,M S W INC,MO-JOP,NE-LIN,383.07,1141.8,736.09,740.68
7/23/2025,LANDSTAR TRANSPORTATION LOGISTICS,IL-CHI,MO-SPR,517.33,1150,882.03,531.45
7/23/2025,RXO CAPACITY SOLUTIONS LLC,IL-CHI,MO-SPR,630.74,1100,1092.57,484.07
7/23/2025,REDWOOD MULTIMODAL - LOGISTICS,AZ-PHO,OK-TUL,1119.1,2000,2086.76,1040.33
7/23/2025,GREENHECK FAN C/O ECHO LOGISTICS,OK-TUL,GA-ATL,815.48,2326.92,1261.18,610.59
7/23/2025,M S W INC,MO-JOP,MS-JAC,650.8,1826.95,1032.32,584.48
7/22/2025,GOLD BOND BUILDING PRODUCTS,MO-SPR,OK-TUL,147.5,671.75,437.3,380.45
7/22/2025,TAMKO BUILDING PRODUCTS INC,MO-JOP,KS-SAL,455.25,1222.01,695.04,491.56
7/22/2025,TAMKO BUILDING PRODUCTS INC,KS-SAL,MO-JOP,411.05,1067.44,627.7,376.69
7/22/2025,GREENHECK FAN C/O ECHO LOGISTICS,OK-TUL,IN-ELK,737.23,2128.35,1185.65,669.73
7/22/2025,LEGGETT & PLATT INC,MO-JOP,WA-SEA,2000.46,5496.36,3080.24,1388.06
7/22/2025,GOLD BOND BUILDING PRODUCTS,MO-SPR,OK-TUL,148.5,671.75,227.74,343.27
7/21/2025,HEARTLAND LOGISTICS GROUP LLC,TX-HOU,OK-TUL,505.25,1000,804.38,487.5
7/21/2025,C H ROBINSON WORLDWIDE,MO-KAN,MO-JOP,190.88,600,376.72,220.21
7/21/2025,MCKEE FOODS CORPORATION,AR-FAY,NV-LAS,1210.34,3876.75,1983.1,734.09
7/21/2025,GOLD BOND BUILDING PRODUCTS,MO-SPR,OK-TUL,147.5,671.75,450.02,480.47
7/21/2025,BATLINER PAPERSTOCK - RECYCLING,MO-JOP,OK-TUL,74.95,526.4,117.3,251.4
7/21/2025,GREENHECK FAN C/O ECHO LOGISTICS,OK-TUL,WI-MIL,758.73,2155.04,1218.4,444.98
7/21/2025,NEON LOGISTICS LLC,AZ-PHO,MO-JOP,1260.12,2300,2287.62,1337.93
7/21/2025,BCC FREIGHT HAULERS INC,OH-FIN,MO-JOP,725.06,1700,1143.41,591.98
7/21/2025,TRINITY LOGISTICS INC,KS-TOP,OK-TUL,286.03,850,711.27,497.31
7/21/2025,GREENHECK FAN C/O ECHO LOGISTICS,OK-TUL,TX-HOU,507.91,1640.36,836.31,880.8
7/21/2025,TAMKO BUILDING PRODUCTS INC,MO-JOP,KS-SAL,425.49,1246.52,658.19,427.93
7/20/2025,TAMKO BUILDING PRODUCTS INC,MO-JOP,KS-SAL,425.49,1243.22,653.19,659.79
7/18/2025,TAMKO BUILDING PRODUCTS INC,MO-JOP,MO-JOP,1,1000,325.46,366.01
7/18/2025,RYAN TRANSPORTATION,AR-LIT,MO-JOP,339.98,800,544.59,631.61
7/18/2025,AVENUE LOGISTICS,VT-NH,OH-FIN,724.94,1000,1213.89,769.39
7/18/2025,C H ROBINSON WORLDWIDE,TX-HOU,OK-TUL,510.16,1000,828.12,655.6
7/18/2025,"MDX FREIGHT, LLC",NE-LIN,OK-TUL,438.61,900,690.66,589
7/18/2025,TRANSPORTATION MANAGEMENT SOLUTIONS INC,FL-MIA,MO-KAN,1609.22,1700,2465.84,1658.88
7/18/2025,STANDARD TRANSPORTATION SERVICES INC,MO-JOP,OK-OKC,222.05,800,343.26,488.73
7/18/2025,SRC LOGISTICS INC,NY-ALB,MO-SPR,1252.68,2200,2078.55,1848.79
7/18/2025,GOLD BOND BUILDING PRODUCTS,MO-SPR,OK-TUL,147.5,671.75,343.1,382.53
7/17/2025,SD TRANSPORTATION,OK-TUL,MO-JOP,119.06,500,209.01,318.57
7/17/2025,SD TRANSPORTATION,OK-TUL,MO-JOP,119.06,500,255.55,388.59
7/17/2025,MCKEE FOODS CORPORATION,AR-FAY,NV-LAS,1210.34,3876.75,2011.57,718.35
7/17/2025,LANDSTAR TRANSPORTATION LOGISTICS,SC-GRE,MO-JOP,869.81,1700,1644.49,1206.55
7/17/2025,RXO CAPACITY SOLUTIONS LLC,FL-MIA,AR-LIT,1126.3,1166,1727.42,1124.43
7/17/2025,C H ROBINSON WORLDWIDE,GA-ATL,MO-JOP,725.38,1400,1171.47,698.64
7/17/2025,GREENHECK FAN C/O ECHO LOGISTICS,OK-TUL,TX-HOU,495.99,1596.52,919.06,567.03
7/17/2025,GOLD BOND BUILDING PRODUCTS,MO-SPR,OK-TUL,148.5,671.75,344.63,247.35
7/17/2025,GOLD BOND BUILDING PRODUCTS,MO-KAN,OK-TUL,256.4,781.5,786.72,619.21
7/17/2025,M S W INC,MO-JOP,NE-LIN,392.76,1141.8,639.24,578.7
7/17/2025,INDEPENDENT STAVE COMPANY,MO-SPR,NY-SYR,1254.83,4448.04,2101.2,1523.8
7/16/2025,CARDINAL LOGISTICS MANAGEMENT CORP,KS-WIC,OK-TUL,242.89,600,641.43,525.35
7/16/2025,SD TRANSPORTATION,OK-TUL,MO-JOP,119.06,500,255.55,234.49
7/16/2025,TS WHITES LLC,AZ-PHO,MO-JOP,1244.01,2900,2277.37,1104.59
7/16/2025,BATLINER PAPERSTOCK - RECYCLING,MO-JOP,OK-TUL,74.95,526.4,147.74,365.45
7/16/2025,GREENHECK FAN C/O ECHO LOGISTICS,OK-TUL,GA-MAC,864.31,2526.86,1327.32,946.97
7/15/2025,PAPERWORKS C/O TRANZACT,NE-KEA,MO-JOP,445.4,1244.36,837.21,636.75
7/15/2025,ALLEN LUND COMPANY,SC-GRE,MO-COL,796.1,1600,1331.04,973.67
7/15/2025,GOLD BOND BUILDING PRODUCTS,MO-SPR,OK-TUL,147.5,671.75,450.02,443.3
7/15/2025,PIONEER FREIGHT SYSTEMS INC,SD-SIO,MO-JOP,581.52,1100,1081.97,648.88
7/15/2025,GREENHECK FAN C/O ECHO LOGISTICS,OK-TUL,FL-MIA,1377.23,4491.14,2261.51,1934.28
7/15/2025,GREENHECK FAN C/O ECHO LOGISTICS,OK-TUL,FL-MIA,1504.59,4507.12,2310.88,1757.22
7/15/2025,GOLD BOND BUILDING PRODUCTS,MO-SPR,OK-TUL,148.5,671.75,227.74,136.68
7/15/2025,TAMKO BUILDING PRODUCTS INC,MO-JOP,KS-SAL,425.49,1242.02,693.97,222.96
7/15/2025,TAMKO BUILDING PRODUCTS INC,MO-JOP,KS-SAL,425.49,1245.35,766.52,580.84
7/14/2025,GOLD BOND BUILDING PRODUCTS,MO-SPR,OK-TUL,147.5,671.75,236.16,308.39
7/14/2025,EPES LOGISTICS SERVICES INC,GA-ATL,GA-ATL,1,150,289.79,357.5
7/14/2025,PAPERWORKS C/O TRANZACT,NE-KEA,MO-JOP,445.4,1244.36,837.21,503.65
7/14/2025,MEARS FERTILIZER INC,KS-WIC,MO-JOP,169.32,600,628.98,567.34
7/14/2025,MCKEE FOODS CORPORATION,AR-FAY,NV-LAS,1210.34,3876.75,2011.57,717.06
7/14/2025,TAMKO BUILDING PRODUCTS INC,MO-JOP,KS-SAL,455.25,1215.75,1056.48,803.55
7/14/2025,RYAN TRANSPORTATION,NY-ALB,MO-JOP,1365.33,1800,2304.34,1596.93
7/14/2025,"MDX FREIGHT, LLC",MO-STL,OK-TUL,379.67,900,630.33,578.24
7/14/2025,WATCO SUPPLY CHAIN SERVICES,AR-FTS,MO-SPR,224.63,700,376.03,194.64
7/14/2025,ARRIVE LOGISTICS AKA DM TRANS LLC,WA-SEA,OK-TUL,2100.36,3150,3274.6,1504.15
7/14/2025,GREENHECK FAN C/O ECHO LOGISTICS,OK-TUL,SD-SIO,740,2466.54,1128.82,1039.41
7/14/2025,SRC LOGISTICS INC,NY-ALB,MO-SPR,1395.96,2200,2296.82,1953.37
7/14/2025,INDEPENDENT STAVE COMPANY,MO-SPR,NY-SYR,1254.83,4205.64,2101.2,1381.22
7/13/2025,TAMKO BUILDING PRODUCTS INC,MO-JOP,KS-SAL,425.49,1243.65,766.52,778.36
